{"cameraMode":{"drawMode":0,"name":"Shaded","section":"Shading Mode"},"sceneLighting":false,"audioPlay":false,"sceneViewState":{"showFog":true,"showMaterialUpdate":false,"showSkybox":true,"showFlares":true,"showImageEffects":true,"showParticleSystems":true},"in2DMode":false,"pivot":{"x":15.173267364501954,"y":5.935468673706055,"z":83.8246078491211},"rotation":{"x":-0.04658147692680359,"y":-0.9511018395423889,"z":0.1792992502450943,"w":-0.24735473096370698},"size":25.944732666015626,"orthographic":false}